Activity Type,Date,Favorite,Title,Distance,Calories,Time,Avg HR,Max HR,Aerobic TE,Avg Run Cadence,Max Run Cadence,Avg Pace,Best Pace,Total Ascent,Total Descent,Avg Stride Length,Avg Vertical Ratio,Avg Vertical Oscillation,Training Stress ScoreÂ®,Grit,Flow,Dive Time,Min Temp,Surface Interval,Decompression,Best Lap Time,Number of Laps,Max Temp,Moving Time,Elapsed Time,Min Elevation,Max Elevation
Running,2021-12-15 17:48:30,false,"Reading - Hill Repeats","3.55","262","00:25:46","148","180","3.2","150","176","7:16","5:09","8","7","0.93","0.0","0.0","0.0","0.0","0.0","0:00","0.0","0:00","No","00:05.68","22","0.0","00:25:14","00:26:05","38","46"
Running,2021-12-14 18:05:51,false,"Reading - Easy Run","6.44","496","00:45:58","162","185","4.1","157","171","7:08","4:44","10","14","0.89","0.0","0.0","0.0","0.0","0.0","0:00","0.0","0:00","No","02:36.66","7","0.0","00:45:56","00:45:58","37","44"
Running,2021-12-13 18:19:53,false,"Reading - Tired Run","3.22","217","00:21:18","153","176","3.1","156","174","6:37","4:41","9","12","0.97","0.0","0.0","0.0","0.0","0.0","0:00","0.0","0:00","No","01:05.44","4","0.0","00:21:17","00:21:18","37","51"
Running,2021-12-11 12:52:05,false,"Reading - Negative Split Run","7.03","535","00:51:24","163","181","3.8","157","163","7:19","6:19","20","23","0.87","0.0","0.0","0.0","0.0","0.0","0:00","0.0","0:00","No","00:09.90","9","0.0","00:51:20","00:51:24","35","49"
Running,2021-12-09 18:15:31,false,"Reading - Cadence Drills","3.22","233","00:21:27","160","180","3.3","159","171","6:40","5:49","--","3","0.94","0.0","0.0","0.0","0.0","0.0","0:00","0.0","0:00","No","03:54.77","4","0.0","00:21:25","00:21:27","38","43"
Running,2021-12-07 18:09:37,false,"Reading - Easy Run","6.44","495","00:47:01","163","188","3.8","154","162","7:18","6:21","5","9","0.89","0.0","0.0","0.0","0.0","0.0","0:00","0.0","0:00","No","03:10.30","7","0.0","00:46:52","00:47:01","34","48"
Running,2021-12-06 18:02:34,false,"Reading - Tired Run","3.22","230","00:22:12","152","180","3.1","154","163","6:54","5:35","10","9","0.94","0.0","0.0","0.0","0.0","0.0","0:00","0.0","0:00","No","01:11.18","4","0.0","00:22:06","00:22:12","37","45"
Running,2021-12-04 12:27:12,false,"Reading - Negative Split Run","10.46","812","01:16:28","167","188","4.8","157","169","7:19","5:46","23","25","0.87","0.0","0.0","0.0","0.0","0.0","0:00","0.0","0:00","No","01:29.10","12","0.0","01:16:19","01:16:38","34","44"
Running,2021-12-02 18:09:48,false,"Reading - Pace Run","3.22","218","00:20:15","147","192","3.3","155","165","6:18","5:00","6","5","1.03","0.0","0.0","0.0","0.0","0.0","0:00","0.0","0:00","No","03:24.94","4","0.0","00:20:14","00:20:15","39","45"
Running,2021-11-30 17:43:43,false,"Reading - Easy Run","6.44","464","00:46:59","157","175","3.6","155","161","7:18","6:17","6","10","0.88","0.0","0.0","0.0","0.0","0.0","0:00","0.0","0:00","No","02:57.35","7","0.0","00:46:58","00:46:59","34","43"
Running,2021-11-29 18:58:12,false,"Reading - Tired Run","4.02","287","00:26:41","153","178","3.5","154","179","6:38","5:30","12","9","0.98","0.0","0.0","0.0","0.0","0.0","0:00","0.0","0:00","No","01:22.86","6","0.0","00:26:34","00:27:05","38","46"
Running,2021-11-27 12:30:11,false,"Reading - Negative Split Run","10.46","767","01:19:19","156","175","3.9","157","165","7:35","6:24","24","26","0.84","0.0","0.0","0.0","0.0","0.0","0:00","0.0","0:00","No","01:35.90","12","0.0","01:19:14","01:19:19","34","44"
Running,2021-11-25 18:12:50,false,"Reading - Cadence Drills","3.22","223","00:20:22","163","189","3.4","160","169","6:20","5:13","14","5","0.99","0.0","0.0","0.0","0.0","0.0","0:00","0.0","0:00","No","03:43.26","4","0.0","00:20:20","00:20:22","38","53"
Running,2021-11-23 17:57:23,false,"Reading - Easy Run","4.83","355","00:33:21","160","185","3.6","157","167","6:54","5:18","3","4","0.93","0.0","0.0","0.0","0.0","0.0","0:00","0.0","0:00","No","05:26.25","5","0.0","00:33:13","00:33:21","36","44"
Running,2021-11-22 18:28:08,false,"Reading - Tired Run","3.22","229","00:22:15","153","174","3.1","155","163","6:55","6:03","7","5","0.93","0.0","0.0","0.0","0.0","0.0","0:00","0.0","0:00","No","01:25.17","4","0.0","00:22:13","00:22:15","38","47"
Running,2021-11-20 12:39:46,false,"Reading - Negative Split Run","9.66","738","01:12:02","169","194","4.8","158","173","7:28","5:27","9","14","0.85","0.0","0.0","0.0","0.0","0.0","0:00","0.0","0:00","No","01:37.99","11","0.0","01:11:59","01:12:02","36","43"
Running,2021-11-18 18:15:35,false,"Reading - Pace Run","3.22","231","00:20:24","161","193","3.5","157","167","6:20","5:20","6","9","1.00","0.0","0.0","0.0","0.0","0.0","0:00","0.0","0:00","No","03:22.45","4","0.0","00:20:23","00:20:24","38","44"
Running,2021-11-16 18:14:11,false,"Reading - Easy Run","4.83","350","00:34:03","157","180","3.6","157","167","7:03","5:19","10","13","0.90","0.0","0.0","0.0","0.0","0.0","0:00","0.0","0:00","No","05:27.55","5","0.0","00:34:02","00:34:03","37","44"
Running,2021-11-15 18:12:05,false,"Reading - Tired Run","1.61","106","00:10:30","146","171","2.4","156","165","6:31","5:36","3","3","0.98","0.0","0.0","0.0","0.0","0.0","0:00","0.0","0:00","No","03:50.69","2","0.0","00:10:29","00:10:30","38","46"
Running,2021-11-13 12:49:43,false,"Reading Running","0.30","21","00:02:05.3","149","166","0.7","153","167","6:58","6:21","--","--","0.94","0.0","0.0","0.0","0.0","0.0","0:00","0.0","0:00","No","02:05.35","1","0.0","00:02:01","00:02:05.3","40","44"
Running,2021-11-13 11:42:20,false,"Reading - Negative Split Run","6.44","484","00:46:22","165","187","4.3","158","173","7:12","5:31","9","13","0.88","0.0","0.0","0.0","0.0","0.0","0:00","0.0","0:00","No","00:09.53","8","0.0","00:46:19","00:46:22","36","43"
Running,2021-11-11 17:56:07,false,"Reading - Cadence Drills","3.22","230","00:22:08","157","175","3.3","156","167","6:52","5:54","--","3","0.93","0.0","0.0","0.0","0.0","0.0","0:00","0.0","0:00","No","04:06.87","4","0.0","00:22:07","00:22:08","38","45"
Running,2021-11-09 17:55:22,false,"Reading - Easy Run","4.83","357","00:34:45","155","170","3.6","155","162","7:12","6:08","4","10","0.90","0.0","0.0","0.0","0.0","0.0","0:00","0.0","0:00","No","05:39.64","5","0.0","00:34:38","00:35:02","34","44"
Running,2021-11-08 18:38:11,false,"Reading - Tired Run","3.22","239","00:22:20","156","177","3.4","155","163","6:56","6:24","11","6","0.93","0.0","0.0","0.0","0.0","0.0","0:00","0.0","0:00","No","01:26.92","4","0.0","00:22:19","00:22:20","38","52"
Running,2021-11-06 12:22:05,false,"Reading - Negative Split Run","9.66","845","01:14:24","172","189","5.0","154","163","7:42","6:30","13","17","0.84","0.0","0.0","0.0","0.0","0.0","0:00","0.0","0:00","No","01:45.45","11","0.0","01:14:08","01:14:24","34","44"
Running,2021-11-04 19:22:22,false,"Reading - Pace Run","3.22","226","00:19:43","162","192","3.7","156","169","6:08","5:14","6","6","1.04","0.0","0.0","0.0","0.0","0.0","0:00","0.0","0:00","No","03:33.50","4","0.0","00:19:37","00:19:43","38","46"
Running,2021-11-02 17:45:55,false,"Reading - Easy Run","4.83","373","00:34:01","161","185","4.1","156","165","7:03","6:05","15","10","0.91","0.0","0.0","0.0","0.0","0.0","0:00","0.0","0:00","No","05:27.33","5","0.0","00:34:00","00:34:01","38","53"
Running,2021-11-01 18:04:15,false,"Reading - Tired Run","1.61","115","00:11:33","148","169","2.4","151","163","7:11","6:17","3","3","0.92","0.0","0.0","0.0","0.0","0.0","0:00","0.0","0:00","No","04:11.05","2","0.0","00:11:33","00:11:33","39","46"
Running,2021-10-30 12:40:12,false,"Reading - Negative Split Run","7.33","590","00:54:12","169","189","5.0","156","163","7:24","6:19","16","21","0.87","0.0","0.0","0.0","0.0","0.0","0:00","0.0","0:00","No","00:09.84","9","0.0","00:54:08","00:55:47","34","44"
Running,2021-10-28 17:41:15,false,"Reading - Cadence Drills","3.22","252","00:22:10","163","184","3.7","157","165","6:53","6:13","9","4","0.93","0.0","0.0","0.0","0.0","0.0","0:00","0.0","0:00","No","04:12.13","4","0.0","00:22:07","00:22:10","38","51"
Running,2021-10-26 18:11:47,false,"Reading - Easy Run","4.83","378","00:33:01","163","187","4.4","155","163","6:50","5:58","10","8","0.94","0.0","0.0","0.0","0.0","0.0","0:00","0.0","0:00","No","05:42.75","5","0.0","00:33:00","00:33:01","38","49"
Running,2021-10-25 18:18:22,false,"Reading - Tired Run","1.61","102","00:09:57.6","137","159","2.3","158","173","6:11","5:15","5","4","1.02","0.0","0.0","0.0","0.0","0.0","0:00","0.0","0:00","No","03:28.26","2","0.0","00:09:57.3","00:09:57.6","38","46"
Running,2021-10-23 12:59:38,false,"Reading - Negative Split Run","6.44","511","00:44:54","168","191","4.7","160","171","6:59","5:51","11","16","0.90","0.0","0.0","0.0","0.0","0.0","0:00","0.0","0:00","No","00:09.87","8","0.0","00:44:50","00:44:54","36","44"
Running,2021-10-21 17:31:07,false,"Reading - Easy Run","3.22","230","00:22:09","152","179","3.2","156","163","6:53","6:11","13","16","0.93","0.0","0.0","0.0","0.0","0.0","0:00","0.0","0:00","No","01:26.71","4","0.0","00:22:05","00:22:09","37","53"
Running,2021-10-19 17:45:18,false,"Reading - Easy Run","4.83","380","00:32:48","165","189","4.3","156","163","6:48","6:01","5","10","0.94","0.0","0.0","0.0","0.0","0.0","0:00","0.0","0:00","No","05:38.31","5","0.0","00:32:47","00:32:48","37","43"
Running,2021-10-18 18:16:45,false,"Reading - Benchmark Run","1.65","96","00:09:00","147","175","2.4","162","182","5:27","4:16","7","4","1.12","0.0","0.0","0.0","0.0","0.0","0:00","0.0","0:00","No","00:24.12","4","0.0","00:08:59.9","00:09:00","38","47"
Running,2021-10-15 17:41:46,false,"Reading Running","4.00","304","00:27:51","161","180","--","155","164","6:57","6:11","--","4","0.93","0.0","0.0","0.0","0.0","0.0","0:00","0.0","0:00","No","27:50.65","1","0.0","00:27:48","00:27:51","35","69"
Running,2021-10-13 17:07:58,false,"Reading - Easy Run","6.26","475","00:45:00","161","173","--","156","161","7:11","6:30","30","34","0.89","0.0","0.0","0.0","0.0","0.0","0:00","0.0","0:00","No","05:00.00","4","0.0","00:45:00","00:45:00","34","66"
Running,2021-10-12 17:11:47,false,"Reading - Speed Repeats","8.30","685","01:03:00","165","183","--","150","164","7:35","6:26","36","41","0.88","0.0","0.0","0.0","0.0","0.0","0:00","0.0","0:00","No","00:30.00","20","0.0","01:03:00","01:03:00","34","59"
Running,2021-10-09 16:43:31,false,"Appiano Gentile - Long Easy Run","10.50","845","01:20:03","167","181","--","156","161","7:37","6:57","52","50","0.84","0.0","0.0","0.0","0.0","0.0","0:00","0.0","0:00","No","00:03.36","3","0.0","01:19:56","01:20:03","332","348"
Running,2021-10-07 18:04:23,false,"Appiano Gentile - Stride Repeats","4.49","312","00:30:52","152","167","--","158","181","6:52","5:17","25","27","0.92","0.0","0.0","0.0","0.0","0.0","0:00","0.0","0:00","No","00:01.82","23","0.0","00:30:51","00:30:52","338","346"
Running,2021-10-06 18:48:37,false,"Appiano Gentile - Easy Run","5.01","363","00:35:04","150","163","--","158","165","7:00","6:19","22","26","0.90","0.0","0.0","0.0","0.0","0.0","0:00","0.0","0:00","No","05:00.00","3","0.0","00:35:03","00:35:04","334","347"
Running,2021-10-05 18:34:35,false,"Appiano Gentile - Goal Pace Run","6.89","511","00:50:00","154","171","--","158","162","7:15","6:41","32","32","0.87","0.0","0.0","0.0","0.0","0.0","0:00","0.0","0:00","No","05:00.00","4","0.0","00:50:00","00:50:00","332","348"
Running,2021-10-04 18:35:54,false,"Appiano Gentile - Easy Run","4.51","327","00:30:35","156","178","--","156","173","6:47","5:41","25","27","0.94","0.0","0.0","0.0","0.0","0.0","0:00","0.0","0:00","No","05:00.00","3","0.0","00:30:27","00:30:35","330","346"
Running,2021-10-02 17:29:23,false,"Appiano Gentile - Long Easy Run","11.77","933","01:28:46","169","178","--","156","161","7:32","6:59","32","32","0.85","0.0","0.0","0.0","0.0","0.0","0:00","0.0","0:00","No","05:00.01","3","0.0","01:28:45","01:28:46","332","348"
Running,2021-09-30 18:22:48,false,"Appiano Gentile - Progression Run","5.70","434","00:40:00","160","179","--","157","164","7:01","6:15","30","31","0.91","0.0","0.0","0.0","0.0","0.0","0:00","0.0","0:00","No","05:00.00","4","0.0","00:40:00","00:40:00","332","348"
Running,2021-09-29 18:43:00,false,"Appiano Gentile - Easy Run","4.47","330","00:31:07","155","170","--","157","162","6:58","6:34","21","22","0.91","0.0","0.0","0.0","0.0","0.0","0:00","0.0","0:00","No","05:00.00","3","0.0","00:31:06","00:31:07","334","347"
Running,2021-09-28 18:32:01,false,"Appiano Gentile - Speed Repeats","7.22","522","00:50:41","160","176","--","158","168","7:01","6:00","23","23","0.90","0.0","0.0","0.0","0.0","0.0","0:00","0.0","0:00","No","00:30.00","26","0.0","00:50:40","00:50:41","332","348"
Running,2021-09-27 18:09:44,false,"Appiano Gentile - Easy Run","6.68","501","00:45:00","164","182","--","158","166","6:44","6:03","38","41","0.94","0.0","0.0","0.0","0.0","0.0","0:00","0.0","0:00","No","05:00.00","4","0.0","00:45:00","00:45:00","331","348"
Running,2021-09-25 12:08:06,false,"Reading - Long Easy Run","7.07","599","00:53:53","170","182","--","156","162","7:37","6:37","11","11","0.84","0.0","0.0","0.0","0.0","0.0","0:00","0.0","0:00","No","05:00.01","2","0.0","00:53:51","00:53:59","35","63"
Running,2021-09-23 17:48:35,false,"Reading - Stride Repeats","4.20","291","00:28:48","154","170","--","157","184","6:52","4:41","25","29","0.93","0.0","0.0","0.0","0.0","0.0","0:00","0.0","0:00","No","00:07.62","19","0.0","00:28:47","00:28:48","35","60"
Running,2021-09-22 17:48:37,false,"Reading - Easy Run","6.43","486","00:45:00","159","176","--","157","162","7:00","6:17","12","14","0.91","0.0","0.0","0.0","0.0","0.0","0:00","0.0","0:00","No","05:00.00","4","0.0","00:45:00","00:45:00","26","63"
Running,2021-09-21 17:08:32,false,"Reading - Easy Run","5.13","407","00:33:08","170","187","--","159","167","6:28","5:24","12","15","0.97","0.0","0.0","0.0","0.0","0.0","0:00","0.0","0:00","No","05:00.00","3","0.0","00:00:00","00:33:08","34","61"
Running,2021-09-20 17:25:02,false,"Reading - Benchmark Run","1.61","90","00:09:00.0","143","167","--","164","188","5:35","4:17","3","7","1.08","0.0","0.0","0.0","0.0","0.0","0:00","0.0","0:00","No","02:00.00","3","0.0","00:00:00","00:09:34.9","38","44"
Running,2021-09-18 11:59:59,false,"Reading - 10K Race","10.00","892","01:12:24","178","194","--","160","167","7:14","6:23","23","28","0.87","0.0","0.0","0.0","0.0","0.0","0:00","0.0","0:00","No","01:12:23.55","1","0.0","00:00:00","01:12:24","29","47"
Running,2021-09-14 17:44:49,false,"Reading - Steady State Run","11.27","871","01:20:59","164","180","--","158","164","7:11","6:15","11","16","0.88","0.0","0.0","0.0","0.0","0.0","0:00","0.0","0:00","No","19:41.34","3","0.0","00:00:00","01:20:59","30","49"
Running,2021-09-13 17:29:27,false,"Reading - Tempo Run","8.07","640","00:56:36","164","185","--","158","165","7:01","5:31","13","16","0.90","0.0","0.0","0.0","0.0","0.0","0:00","0.0","0:00","No","00:02.36","8","0.0","00:00:00","00:56:36","32","50"
Running,2021-09-11 17:42:26,false,"Reading - Supersets","7.58","587","00:54:30","163","184","--","155","184","7:12","5:00","37","38","0.89","0.0","0.0","0.0","0.0","0.0","0:00","0.0","0:00","No","00:03.51","9","0.0","00:00:00","00:56:50","34","57"
Running,2021-09-10 17:32:20,false,"Reading Running","6.01","445","00:41:34","158","179","--","159","165","6:55","6:05","12","16","0.91","0.0","0.0","0.0","0.0","0.0","0:00","0.0","0:00","No","00:03.52","7","0.0","00:00:00","00:41:53","34","57"
Running,2021-09-07 07:02:22,false,"Paralimni Running","3.49","250","00:24:45","144","163","--","159","166","7:05","6:41","28","49","0.89","0.0","0.0","0.0","0.0","0.0","0:00","0.0","0:00","No","03:30.55","4","0.0","00:00:00","00:24:45","--","37"
Running,2021-09-06 06:40:53,false,"Paralimni Running","5.00","367","00:33:42","155","177","--","161","171","6:44","1:04","47","49","0.92","0.0","0.0","0.0","0.0","0.0","0:00","0.0","0:00","No","06:30.12","5","0.0","00:00:00","00:33:42","--","38"
Running,2021-09-04 06:47:38,false,"Paralimni Running","5.01","371","00:34:41","154","176","--","161","171","6:56","6:24","53","54","0.90","0.0","0.0","0.0","0.0","0.0","0:00","0.0","0:00","No","00:01.67","6","0.0","00:00:00","00:34:41","--","38"
Running,2021-09-03 06:50:17,false,"Paralimni Running","4.89","362","00:33:53","155","178","--","162","171","6:56","6:35","43","45","0.89","0.0","0.0","0.0","0.0","0.0","0:00","0.0","0:00","No","06:07.97","5","0.0","00:00:00","00:33:53","--","38"
Running,2021-09-02 06:46:08,false,"Paralimni Running","5.00","373","00:35:08","156","180","--","160","169","7:02","2:25","38","41","0.89","0.0","0.0","0.0","0.0","0.0","0:00","0.0","0:00","No","06:52.22","5","0.0","00:00:00","00:35:08","--","38"
Running,2021-08-31 06:44:19,false,"Paralimni Running","4.83","354","00:33:16","154","185","--","160","175","6:53","5:51","45","47","0.91","0.0","0.0","0.0","0.0","0.0","0:00","0.0","0:00","No","05:15.45","5","0.0","00:00:00","00:33:16","--","38"
Running,2021-08-30 07:11:15,false,"Paralimni Running","4.90","365","00:35:06","156","177","--","155","167","7:10","6:33","36","36","0.90","0.0","0.0","0.0","0.0","0.0","0:00","0.0","0:00","No","06:21.38","5","0.0","00:00:00","00:36:32","4","36"
Running,2021-08-27 06:51:02,false,"Strovolos Running","4.01","294","00:28:45","157","173","--","157","168","7:10","6:17","8","17","0.89","0.0","0.0","0.0","0.0","0.0","0:00","0.0","0:00","No","00:03.38","5","0.0","00:00:00","00:28:45","175","188"
Running,2021-08-24 17:23:58,false,"Reading - Time Trial","4.87","335","00:33:18","154","190","--","154","175","6:51","5:06","42","47","0.94","0.0","0.0","0.0","0.0","0.0","0:00","0.0","0:00","No","00:02.89","8","0.0","00:00:00","00:33:18","30","72"
Running,2021-08-23 17:08:37,false,"Reading - Easy Run","6.44","470","00:41:22","167","189","--","161","169","6:26","5:28","37","43","0.97","0.0","0.0","0.0","0.0","0.0","0:00","0.0","0:00","No","02:39.01","7","0.0","00:00:00","00:41:22","35","67"
Running,2021-08-21 12:05:05,false,"Reading - Steady State Run","11.27","887","01:24:02","170","185","--","158","168","7:28","6:24","19","24","0.85","0.0","0.0","0.0","0.0","0.0","0:00","0.0","0:00","No","04:43.67","12","0.0","00:00:00","01:24:02","35","58"
Running,2021-08-19 18:12:25,false,"Reading - Tempo Run","5.36","404","00:37:40","162","187","--","157","167","7:02","5:58","26","29","0.90","0.0","0.0","0.0","0.0","0.0","0:00","0.0","0:00","No","02:41.54","7","0.0","00:00:00","00:43:38","34","59"
Running,2021-08-18 18:17:17,false,"Reading - Easy Run","4.49","336","00:29:35","165","183","--","160","166","6:35","5:51","27","33","0.95","0.0","0.0","0.0","0.0","0.0","0:00","0.0","0:00","No","03:24.19","5","0.0","00:00:00","00:29:35","35","65"
Running,2021-08-17 18:54:14,false,"Reading Running","4.84","355","00:34:12","155","180","--","157","167","7:04","5:52","13","18","0.90","0.0","0.0","0.0","0.0","0.0","0:00","0.0","0:00","No","05:33.70","5","0.0","00:00:00","00:34:12","34","53"
Running,2021-08-14 13:41:28,false,"Reading - Steady State Run","10.27","859","01:16:53","172","187","--","157","164","7:29","6:31","17","23","0.85","0.0","0.0","0.0","0.0","0.0","0:00","0.0","0:00","No","04:48.68","11","0.0","00:00:00","01:16:53","34","56"
Running,2021-08-12 18:51:50,false,"Reading - Hill Repeats","6.64","494","00:51:16","153","185","--","140","167","7:44","5:26","69","61","0.92","0.0","0.0","0.0","0.0","0.0","0:00","0.0","0:00","No","00:00.83","28","0.0","00:00:00","00:51:26","38","64"
Running,2021-08-10 19:59:12,false,"Reading - Goal Pace Repeat","6.89","518","00:50:18","161","177","--","151","164","7:18","5:55","68","64","0.90","0.0","0.0","0.0","0.0","0.0","0:00","0.0","0:00","No","01:02.22","12","0.0","00:50:17","00:50:18","29","91"
Running,2021-08-09 22:32:45,false,"Reading - Easy Run","4.83","368","00:31:33","168","192","--","158","169","6:32","5:51","4","7","0.97","0.0","0.0","0.0","0.0","0.0","0:00","0.0","0:00","No","04:58.95","5","0.0","00:31:31","00:31:33","38","45"
Running,2021-08-07 22:30:28,false,"Reading Running","4.84","370","00:32:47","165","186","--","157","169","6:47","6:11","11","12","0.94","0.0","0.0","0.0","0.0","0.0","0:00","0.0","0:00","No","05:11.43","5","0.0","00:32:46","00:32:47","38","46"
Running,2021-08-05 18:34:41,false,"Appiano Gentile - Tempo Run","7.56","593","00:54:29","166","186","--","154","167","7:12","6:12","42","44","0.90","0.0","0.0","0.0","0.0","0.0","0:00","0.0","0:00","No","03:59.71","10","0.0","00:54:26","00:54:29","331","351"
Running,2021-08-03 22:34:40,false,"Appiano Gentile - Supersets","2.32","164","00:16:05","152","184","--","153","173","6:55","5:06","9","11","0.94","0.0","0.0","0.0","0.0","0.0","0:00","0.0","0:00","No","01:06.90","4","0.0","00:16:05","00:16:05","338","347"
Running,2021-08-02 18:49:42,false,"Appiano Gentile - Easy Run","4.83","378","00:32:30","170","187","--","162","171","6:44","5:51","25","28","0.92","0.0","0.0","0.0","0.0","0.0","0:00","0.0","0:00","No","05:35.63","5","0.0","00:32:28","00:32:30","338","349"
Running,2021-07-31 13:58:35,false,"Appiano Gentile - Steady State Run","3.99","307","00:29:15","162","177","--","158","164","7:20","6:52","24","25","0.86","0.0","0.0","0.0","0.0","0.0","0:00","0.0","0:00","No","03:01.88","5","0.0","00:29:13","00:30:20","332","348"
Running,2021-07-29 18:45:59,false,"Appiano Gentile - Hill Repeats","5.98","439","00:44:07","156","184","--","141","174","7:22","5:05","39","43","0.96","0.0","0.0","0.0","0.0","0.0","0:00","0.0","0:00","No","00:02.23","19","0.0","00:44:04","00:44:07","339","349"
Running,2021-07-29 18:45:59,false,"Appiano Gentile - Hill Repeats","5.98","439","00:44:07","156","184","--","141","174","7:22","5:05","37","39","0.96","0.0","0.0","0.0","0.0","0.0","0:00","0.0","0:00","No","00:02.23","19","0.0","00:00:00","00:44:07","338","349"
Running,2021-07-27 18:15:14,false,"Appiano Gentile - Goal Pace Repeat","7.16","541","00:50:44","161","180","--","157","168","7:05","6:16","31","31","0.90","0.0","0.0","0.0","0.0","0.0","0:00","0.0","0:00","No","00:45.94","12","0.0","00:50:40","00:50:44","331","348"
Running,2021-07-26 18:03:24,false,"Appiano Gentile - Easy Run","4.83","370","00:33:25","161","177","--","161","167","6:55","6:07","21","23","0.90","0.0","0.0","0.0","0.0","0.0","0:00","0.0","0:00","No","05:43.32","5","0.0","00:33:23","00:33:25","332","347"
Running,2021-07-25 13:50:31,false,"Appiano Gentile Running","4.83","368","00:33:47","162","180","--","161","167","7:00","6:27","20","21","0.89","0.0","0.0","0.0","0.0","0.0","0:00","0.0","0:00","No","05:48.38","5","0.0","00:33:45","00:33:47","332","348"
Running,2021-07-24 12:34:25,false,"Appiano Gentile - Steady State Run","4.98","389","00:36:32","166","185","--","159","167","7:20","6:15","29","29","0.86","0.0","0.0","0.0","0.0","0.0","0:00","0.0","0:00","No","00:05.88","6","0.0","00:36:30","00:38:27","334","349"
Running,2021-07-22 18:12:46,false,"Appiano Gentile - Tempo Run","5.03","412","00:36:58","167","189","--","157","164","7:21","6:47","19","20","0.86","0.0","0.0","0.0","0.0","0.0","0:00","0.0","0:00","No","00:09.19","8","0.0","00:36:57","00:36:58","338","346"
Running,2021-07-20 18:54:32,false,"Appiano Gentile - Supersets","3.47","257","00:23:20","160","186","--","159","196","6:44","3:33","12","14","0.93","0.0","0.0","0.0","0.0","0.0","0:00","0.0","0:00","No","00:22.40","6","0.0","00:23:18","00:24:47","338","346"
Running,2021-07-19 21:09:24,false,"Appiano Gentile - Easy Run","3.70","280","00:25:48","164","178","--","160","164","6:59","6:21","14","14","0.90","0.0","0.0","0.0","0.0","0.0","0:00","0.0","0:00","No","04:54.42","4","0.0","00:25:48","00:25:48","332","346"
Running,2021-07-17 21:47:45,false,"Appiano Gentile - Steady State Run","8.05","680","01:01:09","170","190","--","158","173","7:36","5:38","39","45","0.83","0.0","0.0","0.0","0.0","0.0","0:00","0.0","0:00","No","00:04.51","11","0.0","01:01:05","01:01:09","333","348"
Running,2021-07-15 18:23:34,false,"Appiano Gentile - Hill Repeats","3.62","248","00:24:26","151","176","--","149","175","6:45","4:40","30","35","0.99","0.0","0.0","0.0","0.0","0.0","0:00","0.0","0:00","No","00:04.87","11","0.0","00:24:17","00:27:29","339","365"
Running,2021-07-13 20:57:05,false,"Appiano Gentile - Goal Pace Repeat","7.17","558","00:53:43","164","179","--","158","166","7:30","6:34","31","34","0.84","0.0","0.0","0.0","0.0","0.0","0:00","0.0","0:00","No","00:34.95","12","0.0","00:53:40","00:53:43","332","348"
Running,2021-07-12 21:07:12,false,"Appiano Gentile - Easy Run","3.43","284","00:26:22","166","179","--","154","159","7:41","7:14","11","16","0.85","0.0","0.0","0.0","0.0","0.0","0:00","0.0","0:00","No","03:14.45","4","0.0","00:26:21","00:26:22","334","347"
Running,2021-07-10 12:44:42,false,"Reading - Steady State Run","6.44","510","00:47:51","155","183","--","157","166","7:26","6:23","28","36","0.86","0.0","0.0","0.0","0.0","0.0","0:00","0.0","0:00","No","01:37.36","8","0.0","00:47:50","00:47:51","34","61"
Running,2021-07-08 18:08:36,false,"Reading - Tempo Run","5.49","410","00:39:24","155","192","--","155","165","7:11","5:19","57","60","0.90","0.0","0.0","0.0","0.0","0.0","0:00","0.0","0:00","No","03:30.08","7","0.0","00:39:20","00:39:24","35","87"
Running,2021-07-06 18:12:49,false,"Reading - Time Trial","6.46","510","00:46:28","159","187","--","157","171","7:12","5:23","28","34","0.88","0.0","0.0","0.0","0.0","0.0","0:00","0.0","0:00","No","00:09.11","9","0.0","00:46:24","00:46:30","34","59"
Running,2021-07-05 17:59:59,false,"Reading - Easy Run","4.83","345","00:33:45","148","177","--","156","167","6:59","5:57","6","10","0.91","0.0","0.0","0.0","0.0","0.0","0:00","0.0","0:00","No","05:30.17","5","0.0","00:33:43","00:33:45","34","46"
Running,2021-07-03 12:22:29,false,"Reading - Easy Run","6.44","544","00:47:02","167","186","--","158","169","7:18","6:19","--","5","0.87","0.0","0.0","0.0","0.0","0.0","0:00","0.0","0:00","No","02:59.29","7","0.0","00:47:00","00:47:02","34","45"
Running,2021-07-01 18:15:34,false,"Reading - Easy Run","4.83","361","00:33:13","149","190","--","157","162","6:53","5:56","34","39","0.93","0.0","0.0","0.0","0.0","0.0","0:00","0.0","0:00","No","05:53.77","5","0.0","00:33:12","00:33:13","34","68"
Running,2021-06-29 17:40:34,false,"Reading - Easy Run","5.63","417","00:40:09","152","178","--","158","162","7:08","6:10","8","13","0.89","0.0","0.0","0.0","0.0","0.0","0:00","0.0","0:00","No","04:29.13","6","0.0","00:40:08","00:40:09","34","51"
Running,2021-06-28 17:26:30,false,"Reading - Easy Run","4.02","309","00:27:16","157","188","--","159","169","6:47","5:56","1","6","0.93","0.0","0.0","0.0","0.0","0.0","0:00","0.0","0:00","No","00:06.13","5","0.0","00:27:15","00:27:16","29","51"
Running,2021-06-26 12:09:28,false,"Reading - Easy Run","6.44","571","00:48:41","167","192","--","156","173","7:34","5:25","11","13","0.85","0.0","0.0","0.0","0.0","0.0","0:00","0.0","0:00","No","02:47.52","7","0.0","00:48:30","00:48:41","33","61"
Running,2021-06-24 17:57:57,false,"Reading - Easy Run","4.83","373","00:34:29","154","182","--","156","163","7:09","6:10","23","26","0.90","0.0","0.0","0.0","0.0","0.0","0:00","0.0","0:00","No","05:44.92","5","0.0","00:34:27","00:34:29","35","52"
Running,2021-06-22 17:31:37,false,"Reading - Easy Run","3.22","215","00:22:03","134","179","--","157","166","6:51","6:00","7","12","0.93","0.0","0.0","0.0","0.0","0.0","0:00","0.0","0:00","No","01:18.38","4","0.0","00:22:03","00:22:03","11","45"
Running,2021-06-21 18:05:20,false,"Reading - Easy Run","4.83","378","00:34:29","161","182","--","156","164","7:09","6:00","24","29","0.90","0.0","0.0","0.0","0.0","0.0","0:00","0.0","0:00","No","05:36.91","5","0.0","00:34:28","00:34:29","35","57"
Running,2021-06-19 12:39:36,false,"Reading - Easy Run","6.44","528","00:49:00","157","183","--","155","166","7:37","4:54","13","15","0.85","0.0","0.0","0.0","0.0","0.0","0:00","0.0","0:00","No","03:18.72","7","0.0","00:48:56","00:49:00","33","49"
Running,2021-06-17 17:58:14,false,"Reading - Easy Run","4.02","324","00:28:41","162","189","--","155","163","7:08","6:17","34","39","0.90","0.0","0.0","0.0","0.0","0.0","0:00","0.0","0:00","No","00:09.07","5","0.0","00:28:40","00:28:41","35","71"
Running,2021-06-15 17:54:44,false,"Reading - Easy Run","4.83","426","00:35:37","168","193","--","155","160","7:23","6:30","6","10","0.87","0.0","0.0","0.0","0.0","0.0","0:00","0.0","0:00","No","06:03.49","5","0.0","00:35:35","00:35:37","34","50"
Running,2021-06-14 17:50:38,false,"Reading - Easy Run","4.02","339","00:28:57","166","188","--","156","166","7:12","6:24","5","5","0.89","0.0","0.0","0.0","0.0","0.0","0:00","0.0","0:00","No","00:09.80","5","0.0","00:28:56","00:28:57","35","50"
Running,2021-06-12 12:55:29,false,"Reading - Easy Run","4.06","376","00:30:08","174","191","--","156","162","7:25","6:33","31","37","0.87","0.0","0.0","0.0","0.0","0.0","0:00","0.0","0:00","No","00:32.15","5","0.0","00:30:06","00:30:08","35","63"
Running,2021-06-10 18:09:43,false,"Reading - Benchmark Run","1.44","85","00:09:09.0","136","154","--","155","164","6:21","5:29","3","4","1.01","0.0","0.0","0.0","0.0","0.0","0:00","0.0","0:00","No","00:08.98","4","0.0","00:09:09.0","00:09:09.6","38","44"
Running,2021-06-08 17:41:24,false,"Reading Running","2.72","214","00:20:02","156","186","--","154","160","7:21","6:37","28","34","0.89","0.0","0.0","0.0","0.0","0.0","0:00","0.0","0:00","No","05:18.07","3","0.0","00:20:01","00:20:02","36","64"
Running,2021-06-07 18:11:29,false,"Reading Running","3.00","245","00:20:59","165","192","--","154","160","7:00","6:23","54","49","0.93","0.0","0.0","0.0","0.0","0.0","0:00","0.0","0:00","No","06:49.32","3","0.0","00:20:58","00:20:59","36","77"
Running,2021-06-06 12:37:30,false,"Reading Running","2.84","225","00:20:01","159","191","--","156","161","7:03","6:21","3","8","0.91","0.0","0.0","0.0","0.0","0.0","0:00","0.0","0:00","No","05:54.43","3","0.0","00:19:58","00:20:01","35","57"
Running,2021-06-05 12:03:23,false,"Reading Running","2.18","160","00:15:19","149","184","--","153","159","7:02","6:44","2","4","0.93","0.0","0.0","0.0","0.0","0.0","0:00","0.0","0:00","No","01:16.43","3","0.0","00:15:14","00:15:19","38","42"
Running,2021-05-22 13:18:28,false,"Appiano Gentile - Time Trial","5.00","443","00:36:15","172","193","--","159","169","7:15","6:40","21","25","0.87","0.0","0.0","0.0","0.0","0.0","0:00","0.0","0:00","No","01:33.21","6","0.0","00:36:11","00:36:15","334","347"
Running,2021-05-20 17:54:10,false,"Appiano Gentile - Easy Run","3.79","337","00:26:57","173","191","--","158","164","7:06","6:38","22","19","0.89","0.0","0.0","0.0","0.0","0.0","0:00","0.0","0:00","No","05:47.76","4","0.0","00:26:55","00:26:57","332","348"
Running,2021-05-18 19:03:41,false,"Appiano Gentile - Benchmark Run","1.62","95","00:09:01.5","147","167","--","162","176","5:33","4:18","--","--","1.10","0.0","0.0","0.0","0.0","0.0","0:00","0.0","0:00","No","00:01.51","5","0.0","00:00:00","00:09:04.2","338","346"
Running,2021-05-15 17:57:22,false,"Appiano Gentile - 10K Race","10.08","1,116","01:21:32","175","205","--","154","169","8:05","7:07","54","55","0.80","0.0","0.0","0.0","0.0","0.0","0:00","0.0","0:00","No","00:44.45","11","0.0","00:00:00","01:21:34","338","346"
Running,2021-05-12 18:30:58,false,"Appiano Gentile - Easy Run","3.58","304","00:25:04","165","185","--","158","166","7:01","6:19","14","13","0.90","0.0","0.0","0.0","0.0","0.0","0:00","0.0","0:00","No","00:03.58","6","0.0","00:25:00","00:25:04","334","347"
Running,2021-05-09 17:37:27,false,"Appiano Gentile - Stride Repeats","3.35","264","00:22:43","162","181","--","148","194","6:47","3:51","18","18","0.99","0.0","0.0","0.0","0.0","0.0","0:00","0.0","0:00","No","00:20.00","20","0.0","00:22:42","00:22:43","338","348"
Running,2021-05-07 11:48:15,false,"Trieste - Easy Run","3.64","293","00:25:02","161","181","--","158","171","6:53","5:40","30","43","0.92","0.0","0.0","0.0","0.0","0.0","0:00","0.0","0:00","No","00:01.94","6","0.0","00:24:59","00:25:02","-1","27"
Running,2021-05-05 17:46:38,false,"Trieste - Stride Repeats","4.48","377","00:30:05","168","184","--","151","204","6:43","4:08","19","36","0.98","0.0","0.0","0.0","0.0","0.0","0:00","0.0","0:00","No","00:20.00","21","0.0","00:30:00","00:30:32","6","26"
Running,2021-05-02 16:11:39,false,"Trieste - Easy Run","5.01","451","00:35:32","167","187","--","157","171","7:06","6:13","16","16","0.90","0.0","0.0","0.0","0.0","0.0","0:00","0.0","0:00","No","00:01.83","7","0.0","00:35:26","00:35:45","1","14"
Running,2021-04-30 18:52:29,false,"Appiano Gentile - Progression Run","4.48","381","00:31:42","161","192","--","158","164","7:04","6:28","25","23","0.90","0.0","0.0","0.0","0.0","0.0","0:00","0.0","0:00","No","00:35.48","7","0.0","00:31:41","00:31:42","332","348"
Running,2021-04-28 18:15:16,false,"Appiano Gentile - Stride Repeats","4.44","302","00:29:15","147","170","--","151","189","6:36","4:21","26","27","1.01","0.0","0.0","0.0","0.0","0.0","0:00","0.0","0:00","No","00:03.42","22","0.0","00:29:14","00:29:17","339","347"
Running,2021-04-25 13:17:02,false,"Appiano Gentile - Easy Run","3.88","383","00:28:40","172","187","--","157","164","7:23","6:59","7","14","0.86","0.0","0.0","0.0","0.0","0.0","0:00","0.0","0:00","No","00:03.23","5","0.0","00:28:39","00:30:06","334","347"
Running,2021-04-23 18:52:13,false,"Appiano Gentile - Progression Run","4.53","354","00:30:02","155","190","--","162","167","6:38","6:01","22","24","0.93","0.0","0.0","0.0","0.0","0.0","0:00","0.0","0:00","No","00:05.76","7","0.0","00:30:01","00:30:02","332","349"
Running,2021-04-21 18:50:58,false,"Appiano Gentile - Stride Repeats","5.00","317","00:32:31","142","163","--","146","240","6:30","4:08","21","23","1.05","0.0","0.0","0.0","0.0","0.0","0:00","0.0","0:00","No","00:08.22","33","0.0","00:00:00","00:32:31","338","346"
Running,2021-04-19 18:23:36,false,"Appiano Gentile - Easy Run","6.58","620","00:50:02","165","185","--","157","164","7:36","7:07","26","27","0.84","0.0","0.0","0.0","0.0","0.0","0:00","0.0","0:00","No","00:03.35","8","0.0","00:49:53","00:50:09","332","348"
Running,2021-04-17 18:18:44,false,"Appiano Gentile - Progression Run","4.47","371","00:31:37","160","179","--","160","168","7:05","6:27","21","27","0.88","0.0","0.0","0.0","0.0","0.0","0:00","0.0","0:00","No","00:02.08","6","0.0","00:31:36","00:31:37","339","347"
Running,2021-04-14 18:28:28,false,"Appiano Gentile - Stride Repeats","5.01","440","00:34:17","167","197","--","150","195","6:51","4:18","26","30","0.97","0.0","0.0","0.0","0.0","0.0","0:00","0.0","0:00","No","00:09.75","29","0.0","00:34:16","00:34:17","339","347"
Running,2021-04-11 18:30:48,false,"Appiano Gentile - Easy Run","5.00","425","00:35:28","156","186","--","160","171","7:05","6:10","28","33","0.88","0.0","0.0","0.0","0.0","0.0","0:00","0.0","0:00","No","00:02.44","7","0.0","00:35:18","00:35:33","339","347"
Running,2021-04-09 17:38:42,false,"Reading - Easy Run","4.20","340","00:30:02","149","170","--","157","164","7:09","6:16","7","3","0.89","0.0","0.0","0.0","0.0","0.0","0:00","0.0","0:00","No","00:03.21","6","0.0","00:30:00","00:30:12","39","47"
Running,2021-04-07 18:24:27,false,"Reading - Easy Run","4.28","305","00:30:01","136","158","--","157","164","7:01","6:20","8","7","0.91","0.0","0.0","0.0","0.0","0.0","0:00","0.0","0:00","No","00:02.52","6","0.0","00:29:59","00:30:16","39","47"
Running,2021-04-04 13:01:42,false,"Reading - Easy Run","5.47","481","00:40:01","159","188","--","158","169","7:19","1:36","42","47","0.86","0.0","0.0","0.0","0.0","0.0","0:00","0.0","0:00","No","00:08.90","7","0.0","00:39:52","00:40:03","35","65"
Running,2021-04-02 13:41:42,false,"Reading - Progression Run","4.93","346","00:35:04","136","153","--","155","173","7:06","5:40","12","18","0.91","0.0","0.0","0.0","0.0","0.0","0:00","0.0","0:00","No","00:06.93","7","0.0","00:34:25","00:35:13","35","70"
Running,2021-03-31 19:25:54,false,"Reading Running","1.02","88","00:06:40.5","172","189","--","161","167","6:33","6:03","2","--","0.95","0.0","0.0","0.0","0.0","0.0","0:00","0.0","0:00","No","00:03.22","2","0.0","00:06:40.3","00:06:40.5","34","43"
Running,2021-03-31 18:35:04,false,"Reading - Stride Repeats","4.00","253","00:29:00","131","149","--","146","185","7:15","4:59","3","9","0.95","0.0","0.0","0.0","0.0","0.0","0:00","0.0","0:00","No","00:20.00","25","0.0","00:28:58","00:29:00","35","47"
Running,2021-03-28 13:25:43,false,"Reading - Easy Run","5.01","374","00:35:15","148","167","--","158","182","7:02","5:33","22","25","0.90","0.0","0.0","0.0","0.0","0.0","0:00","0.0","0:00","No","00:15.31","7","0.0","00:35:14","00:35:15","36","54"
Running,2021-03-26 17:43:07,false,"Reading - Progression Run","4.63","327","00:36:41","132","152","--","144","164","7:56","6:20","23","27","0.87","0.0","0.0","0.0","0.0","0.0","0:00","0.0","0:00","No","01:41.28","7","0.0","00:36:30","00:38:21","35","53"
Running,2021-03-24 18:37:36,false,"Reading - Stride Repeats","5.01","363","00:37:02","142","158","--","152","195","7:24","4:26","44","36","0.89","0.0","0.0","0.0","0.0","0.0","0:00","0.0","0:00","No","00:20.00","26","0.0","00:37:00","00:37:03","36","60"
Running,2021-03-21 13:34:53,false,"Reading - Easy Run","4.66","316","00:35:03","131","154","--","150","172","7:31","6:07","47","55","0.89","0.0","0.0","0.0","0.0","0.0","0:00","0.0","0:00","No","00:02.50","7","0.0","00:35:01","00:35:03","36","84"
Running,2021-03-19 18:19:31,false,"Reading - Progression Run","4.15","287","00:30:05","134","149","--","155","168","7:15","5:40","10","13","0.89","0.0","0.0","0.0","0.0","0.0","0:00","0.0","0:00","No","00:05.46","7","0.0","00:30:01","00:30:05","34","51"
Running,2021-03-17 18:17:46,false,"Reading - Stride Repeats","5.56","491","00:40:03","166","187","--","151","187","7:12","4:36","8","5","0.93","0.0","0.0","0.0","0.0","0.0","0:00","0.0","0:00","No","00:09.80","26","0.0","00:40:01","00:40:03","38","48"
Running,2021-03-14 14:11:03,false,"Reading - Easy Run","4.00","290","00:29:04","138","151","--","158","166","7:16","5:51","23","19","0.87","0.0","0.0","0.0","0.0","0.0","0:00","0.0","0:00","No","02:24.95","6","0.0","00:29:02","00:29:04","35","58"
Running,2021-03-12 18:30:31,false,"Reading - Easy Run","3.00","208","00:20:40","140","156","--","155","164","6:54","5:57","6","6","0.94","0.0","0.0","0.0","0.0","0.0","0:00","0.0","0:00","No","03:14.61","4","0.0","00:20:32","00:20:40","38","44"
Running,2021-03-10 18:40:33,false,"Reading - Easy Run","2.91","211","00:21:11","141","158","--","153","161","7:16","6:38","6","5","0.90","0.0","0.0","0.0","0.0","0.0","0:00","0.0","0:00","No","02:55.56","4","0.0","00:20:51","00:21:11","39","44"
Running,2021-03-08 17:58:12,false,"Reading Running","3.01","210","00:19:25","148","175","--","158","164","6:27","5:36","2","4","0.98","0.0","0.0","0.0","0.0","0.0","0:00","0.0","0:00","No","00:04.47","4","0.0","00:19:25","00:19:25","38","44"
Running,2021-03-07 12:46:17,false,"Reading - Easy Run","5.82","426","00:50:00","134","154","--","133","164","8:36","6:17","45","44","0.88","0.0","0.0","0.0","0.0","0.0","0:00","0.0","0:00","No","00:20.70","8","0.0","00:49:10","00:50:13","35","52"
Running,2021-03-05 18:49:14,false,"Reading - Stride Repeats","3.97","263","00:28:46","138","156","--","146","211","7:15","4:28","6","7","0.94","0.0","0.0","0.0","0.0","0.0","0:00","0.0","0:00","No","00:18.77","21","0.0","00:28:39","00:28:55","38","45"
Running,2021-03-04 18:19:49,false,"Reading Running","3.09","216","00:21:12","146","165","--","154","160","6:52","5:52","9","6","0.94","0.0","0.0","0.0","0.0","0.0","0:00","0.0","0:00","No","00:36.39","4","0.0","00:21:10","00:21:12","38","47"
Running,2021-03-03 17:45:40,false,"Reading Running","0.90","60","00:05:53.3","138","147","--","157","162","6:34","6:26","--","--","0.97","0.0","0.0","0.0","0.0","0.0","0:00","0.0","0:00","No","05:53.34","1","0.0","00:05:53.3","00:05:53.3","38","42"
Running,2021-03-03 17:32:59,false,"Reading - Benchmark Run","1.35","80","00:09:09.0","134","155","--","143","171","6:45","4:44","3","5","1.02","0.0","0.0","0.0","0.0","0.0","0:00","0.0","0:00","No","00:06.55","5","0.0","00:09:08.4","00:10:02","38","42"
Running,2021-03-01 18:15:37,false,"Reading Running","3.35","215","00:22:52","128","161","--","156","164","6:49","4:30","15","12","0.94","0.0","0.0","0.0","0.0","0.0","0:00","0.0","0:00","No","02:12.87","4","0.0","00:22:50","00:22:52","38","48"
Running,2021-02-28 17:16:18,false,"Reading Running","3.12","245","00:22:02","154","169","--","156","162","7:04","2:17","10","8","0.90","0.0","0.0","0.0","0.0","0.0","0:00","0.0","0:00","No","00:58.03","4","0.0","00:22:00","00:22:02","38","45"
Running,2021-02-27 18:27:54,false,"Reading Running","2.93","248","00:20:28","165","179","--","158","162","6:59","3:16","13","9","0.91","0.0","0.0","0.0","0.0","0.0","0:00","0.0","0:00","No","06:28.04","3","0.0","00:20:26","00:20:28","39","48"
Running,2021-02-26 18:19:07,false,"Reading Running","2.61","197","00:17:58","153","166","--","154","166","6:53","5:30","7","7","0.94","0.0","0.0","0.0","0.0","0.0","0:00","0.0","0:00","No","04:01.51","3","0.0","00:17:55","00:17:58","38","42"
Running,2021-02-25 18:12:29,false,"Reading Running","3.01","234","00:20:27","158","180","--","154","164","6:48","5:03","10","10","0.95","0.0","0.0","0.0","0.0","0.0","0:00","0.0","0:00","No","00:01.60","4","0.0","00:20:26","00:20:27","38","44"
Running,2021-02-23 18:46:56,false,"Reading Running","2.87","224","00:20:01","158","176","--","154","162","6:58","5:47","10","8","0.93","0.0","0.0","0.0","0.0","0.0","0:00","0.0","0:00","No","05:56.75","3","0.0","00:19:58","00:20:01","38","45"
Running,2021-02-22 18:07:37,false,"Reading Running","1.42","101","00:09:04.7","158","173","--","158","162","6:23","1:43","8","4","1.00","0.0","0.0","0.0","0.0","0.0","0:00","0.0","0:00","No","02:44.94","2","0.0","00:09:02.7","00:09:04.7","38","47"
Running,2021-02-22 17:55:33,false,"Reading Running","1.43","105","00:10:21","143","154","--","150","160","7:13","2:44","3","6","0.92","0.0","0.0","0.0","0.0","0.0","0:00","0.0","0:00","No","02:57.59","2","0.0","00:10:19","00:10:21","38","43"
Running,2021-02-21 14:46:43,false,"Reading Running","1.01","81","00:06:52.8","168","182","--","156","160","6:49","6:10","6","3","0.94","0.0","0.0","0.0","0.0","0.0","0:00","0.0","0:00","No","00:03.09","2","0.0","00:06:50.7","00:06:52.8","38","46"
Running,2021-02-21 14:33:28,false,"Reading Running","1.45","108","00:10:01","156","172","--","156","160","6:56","5:50","6","8","0.93","0.0","0.0","0.0","0.0","0.0","0:00","0.0","0:00","No","02:51.66","2","0.0","00:09:59.4","00:10:01","38","43"
Running,2021-02-20 15:22:52,false,"Reading Running","0.84","64","00:05:41.3","163","172","--","158","160","6:45","4:38","4","--","0.94","0.0","0.0","0.0","0.0","0.0","0:00","0.0","0:00","No","05:41.34","1","0.0","00:05:40","00:05:41.3","40","43"
Running,2021-02-20 15:09:38,false,"Reading Running","1.55","111","00:10:01","161","177","--","156","162","6:29","2:40","4","7","0.99","0.0","0.0","0.0","0.0","0.0","0:00","0.0","0:00","No","03:29.78","2","0.0","00:09:59","00:10:01","38","44"
Running,2021-02-07 16:56:59,false,"Appiano Gentile Running","0.80","30","00:04:17.7","114","134","--","166","174","5:22","4:54","4","10","1.12","0.0","0.0","0.0","0.0","0.0","0:00","0.0","0:00","No","04:17.70","1","0.0","00:04:17","00:04:17.7","340","348"
Running,2021-02-07 16:50:05,false,"Appiano Gentile Running","0.78","36","00:04:00.3","134","149","--","168","172","5:07","4:46","4","6","1.16","0.0","0.0","0.0","0.0","0.0","0:00","0.0","0:00","No","04:00.28","1","0.0","00:04:00","00:04:00.3","338","346"
Running,2021-02-05 18:27:54,false,"Appiano Gentile Running","5.02","426","00:35:49","169","196","--","158","168","7:08","3:04","41","42","0.88","0.0","0.0","0.0","0.0","0.0","0:00","0.0","0:00","No","00:06.64","6","0.0","00:35:48","00:35:49","332","348"
Running,2021-02-04 18:14:31,false,"Appiano Gentile Running","3.98","334","00:27:54","166","183","--","158","164","7:00","4:56","21","22","0.90","0.0","0.0","0.0","0.0","0.0","0:00","0.0","0:00","No","06:56.81","4","0.0","00:27:51","00:27:54","334","347"
Running,2021-02-02 18:19:53,false,"Appiano Gentile Running","3.63","299","00:25:02","163","181","--","160","166","6:54","4:27","32","32","0.91","0.0","0.0","0.0","0.0","0.0","0:00","0.0","0:00","No","04:14.30","4","0.0","00:25:00","00:25:02","332","348"
Running,2021-02-01 18:18:28,false,"Appiano Gentile Running","4.95","447","00:35:10","169","189","--","160","168","7:06","6:09","40","42","0.88","0.0","0.0","0.0","0.0","0.0","0:00","0.0","0:00","No","06:42.92","5","0.0","00:35:07","00:35:10","332","347"
Running,2021-01-30 16:21:27,false,"Appiano Gentile Running","3.65","293","00:25:00","156","170","--","160","164","6:51","4:19","31","34","0.91","0.0","0.0","0.0","0.0","0.0","0:00","0.0","0:00","No","04:36.60","4","0.0","00:24:58","00:25:00","332","348"
Running,2021-01-29 18:28:03,false,"Appiano Gentile Running","0.46","33","00:03:02.1","143","157","--","162","168","6:39","3:47","--","5","0.93","0.0","0.0","0.0","0.0","0.0","0:00","0.0","0:00","No","03:02.09","1","0.0","00:03:01","00:03:02.1","341","347"
Running,2021-01-29 18:03:10,false,"Appiano Gentile Running","3.28","249","00:22:57","144","163","--","158","164","6:59","4:40","27","27","0.90","0.0","0.0","0.0","0.0","0.0","0:00","0.0","0:00","No","02:01.33","4","0.0","00:22:55","00:22:57","338","348"
Running,2021-01-27 19:05:33,false,"Appiano Gentile Running","0.76","56","00:04:49.1","157","167","--","160","164","6:20","2:26","12","15","0.99","0.0","0.0","0.0","0.0","0.0","0:00","0.0","0:00","No","04:49.11","1","0.0","00:04:48","00:04:49.1","342","358"
Running,2021-01-27 18:38:50,false,"Appiano Gentile Running","3.39","264","00:24:03","149","171","--","156","162","7:06","4:02","30","33","0.90","0.0","0.0","0.0","0.0","0.0","0:00","0.0","0:00","No","02:49.14","4","0.0","00:24:00","00:24:03","338","350"
Running,2021-01-26 18:04:32,false,"Appiano Gentile Running","3.01","250","00:19:05","169","185","--","160","166","6:21","5:03","26","23","0.99","0.0","0.0","0.0","0.0","0.0","0:00","0.0","0:00","No","00:01.77","4","0.0","00:19:04","00:19:05","338","348"
Running,2021-01-25 17:58:21,false,"Appiano Gentile Running","4.55","331","00:32:59","134","150","--","158","164","7:15","5:12","39","41","0.88","0.0","0.0","0.0","0.0","0.0","0:00","0.0","0:00","No","03:44.90","5","0.0","00:32:56","00:32:59","338","348"
Running,2021-01-24 15:08:35,false,"Appiano Gentile Running","4.00","331","00:28:12","159","183","--","158","164","7:02","5:59","21","26","0.90","0.0","0.0","0.0","0.0","0.0","0:00","0.0","0:00","No","00:01.33","5","0.0","00:28:09","00:28:55","339","347"
Running,2021-01-23 14:11:11,false,"Appiano Gentile Running","2.78","226","00:19:01","158","180","--","158","162","6:50","4:31","24","24","0.93","0.0","0.0","0.0","0.0","0.0","0:00","0.0","0:00","No","05:16.92","3","0.0","00:18:58","00:19:01","338","348"
Running,2021-01-21 18:28:29,false,"Appiano Gentile Running","3.64","281","00:25:02","152","170","--","160","164","6:53","5:42","19","22","0.91","0.0","0.0","0.0","0.0","0.0","0:00","0.0","0:00","No","04:23.42","4","0.0","00:24:59","00:25:02","339","347"
Running,2021-01-20 18:09:20,false,"Appiano Gentile Running","3.74","306","00:26:03","160","175","--","158","162","6:58","5:19","19","25","0.91","0.0","0.0","0.0","0.0","0.0","0:00","0.0","0:00","No","05:09.42","4","0.0","00:26:00","00:26:12","339","347"
Running,2021-01-19 18:27:28,false,"Appiano Gentile Running","2.81","218","00:19:45","148","182","--","156","162","7:02","3:35","23","23","0.91","0.0","0.0","0.0","0.0","0.0","0:00","0.0","0:00","No","05:34.03","3","0.0","00:19:43","00:19:45","338","348"
Running,2021-01-17 16:58:37,false,"Appiano Gentile Running","3.00","235","00:19:43","160","175","--","158","166","6:34","5:32","20","23","0.96","0.0","0.0","0.0","0.0","0.0","0:00","0.0","0:00","No","06:27.27","3","0.0","00:19:40","00:19:43","338","348"
Running,2021-01-16 17:35:21,false,"Appiano Gentile Running","3.31","253","00:22:00","156","168","--","158","164","6:39","6:13","15","20","0.95","0.0","0.0","0.0","0.0","0.0","0:00","0.0","0:00","No","01:58.88","4","0.0","00:21:58","00:22:00","339","347"
Running,2021-01-15 17:53:26,false,"Appiano Gentile Running","2.78","232","00:18:20","167","185","--","158","168","6:36","5:55","22","21","0.96","0.0","0.0","0.0","0.0","0.0","0:00","0.0","0:00","No","05:03.17","3","0.0","00:18:17","00:18:31","338","348"
Running,2021-01-14 18:05:42,false,"Appiano Gentile Running","2.88","222","00:20:01","153","164","--","156","162","6:57","5:06","21","21","0.93","0.0","0.0","0.0","0.0","0.0","0:00","0.0","0:00","No","06:01.67","3","0.0","00:19:59","00:20:01","339","347"
Running,2021-01-12 18:32:47,false,"Appiano Gentile Running","2.67","226","00:18:24","168","184","--","154","162","6:53","4:22","19","19","0.94","0.0","0.0","0.0","0.0","0.0","0:00","0.0","0:00","No","04:32.82","3","0.0","00:18:21","00:18:24","339","347"
Running,2021-01-10 15:01:18,false,"Appiano Gentile Running","0.76","58","00:05:00.5","158","180","--","160","164","6:33","5:16","6","7","0.95","0.0","0.0","0.0","0.0","0.0","0:00","0.0","0:00","No","05:00.45","1","0.0","00:05:00","00:05:00.5","339","347"
Running,2021-01-10 14:46:55,false,"Appiano Gentile Running","1.53","115","00:10:01","157","173","--","158","162","6:32","6:02","11","13","0.97","0.0","0.0","0.0","0.0","0.0","0:00","0.0","0:00","No","03:24.27","2","0.0","00:09:58.6","00:10:01","338","346"
Running,2021-01-09 16:58:24,false,"Appiano Gentile Running","1.00","77","00:06:43.9","156","166","--","158","162","6:44","4:02","10","7","0.94","0.0","0.0","0.0","0.0","0.0","0:00","0.0","0:00","No","06:43.91","1","0.0","00:06:43","00:06:43.9","339","347"
Running,2021-01-09 16:45:24,false,"Appiano Gentile Running","1.46","113","00:10:01","154","160","--","154","162","6:52","3:29","10","12","0.95","0.0","0.0","0.0","0.0","0.0","0:00","0.0","0:00","No","03:06.77","2","0.0","00:09:58.8","00:10:01","338","346"
Running,2020-12-22 17:42:12,false,"Reading Running","3.00","240","00:20:50","157","172","--","156","164","6:56","4:57","7","8","0.93","0.0","0.0","0.0","0.0","0.0","0:00","0.0","0:00","No","00:01.05","4","0.0","00:20:49","00:20:50","38","44"
Running,2020-12-19 16:27:32,false,"Reading Running","2.42","194","00:16:33","160","177","--","156","162","6:51","4:49","7","8","0.93","0.0","0.0","0.0","0.0","0.0","0:00","0.0","0:00","No","03:02.84","3","0.0","00:16:31","00:16:33","38","43"
Running,2020-12-17 18:54:38,false,"Reading Running","2.53","217","00:17:35","164","182","--","154","162","6:57","3:46","9","9","0.93","0.0","0.0","0.0","0.0","0.0","0:00","0.0","0:00","No","03:43.26","3","0.0","00:17:33","00:17:35","38","44"
Running,2020-12-16 18:43:14,false,"Reading Running","2.52","204","00:17:39","155","181","--","152","162","7:00","5:33","8","8","0.94","0.0","0.0","0.0","0.0","0.0","0:00","0.0","0:00","No","03:38.26","3","0.0","00:17:36","00:17:39","38","44"
Running,2020-12-15 18:26:45,false,"Reading Running","1.00","82","00:07:01.0","157","170","--","156","160","6:59","5:29","4","1","0.92","0.0","0.0","0.0","0.0","0.0","0:00","0.0","0:00","No","00:01.24","2","0.0","00:07:00.8","00:07:01.0","38","44"
Running,2020-12-15 18:13:19,false,"Reading Running","1.43","110","00:10:01","148","174","--","152","158","7:01","5:56","3","6","0.95","0.0","0.0","0.0","0.0","0.0","0:00","0.0","0:00","No","03:01.34","2","0.0","00:09:58.4","00:10:01","38","43"
Running,2020-12-06 16:47:46,false,"Reading Running","2.50","208","00:17:26","159","172","--","154","160","6:58","4:49","8","9","0.93","0.0","0.0","0.0","0.0","0.0","0:00","0.0","0:00","No","03:30.84","3","0.0","00:17:24","00:17:26","38","44"
Running,2020-12-05 16:13:14,false,"Reading Running","0.71","60","00:05:06.1","159","169","--","156","160","7:12","5:02","7","--","0.89","0.0","0.0","0.0","0.0","0.0","0:00","0.0","0:00","No","05:06.06","1","0.0","00:05:05","00:05:06.1","38","46"
Running,2020-12-05 15:41:02,false,"Reading Running","3.49","307","00:25:10","162","183","--","154","160","7:13","5:05","11","16","0.89","0.0","0.0","0.0","0.0","0.0","0:00","0.0","0:00","No","03:41.26","4","0.0","00:25:08","00:25:10","36","44"
Running,2020-12-03 18:54:57,false,"Reading Running","2.54","191","00:17:53","138","151","--","156","162","7:02","2:54","6","9","0.92","0.0","0.0","0.0","0.0","0.0","0:00","0.0","0:00","No","03:53.65","3","0.0","00:17:51","00:17:53","38","44"
Running,2020-12-02 19:41:15,false,"Reading Running","4.00","287","00:28:05","135","167","--","152","162","7:01","6:13","9","12","0.94","0.0","0.0","0.0","0.0","0.0","0:00","0.0","0:00","No","00:01.93","5","0.0","00:28:03","00:28:05","38","44"
Running,2020-11-30 17:44:20,false,"Reading Running","3.53","282","00:25:02","153","170","--","152","160","7:05","5:35","8","9","0.93","0.0","0.0","0.0","0.0","0.0","0:00","0.0","0:00","No","03:50.67","4","0.0","00:24:59","00:25:02","38","44"
Running,2020-11-29 16:35:42,false,"Reading Running","3.54","288","00:25:03","153","172","--","154","162","7:05","5:39","8","12","0.92","0.0","0.0","0.0","0.0","0.0","0:00","0.0","0:00","No","03:48.12","4","0.0","00:25:00","00:26:06","38","44"
Running,2020-11-26 17:26:00,false,"Reading Running","3.00","270","00:20:19","169","181","--","156","164","6:46","5:26","5","8","0.94","0.0","0.0","0.0","0.0","0.0","0:00","0.0","0:00","No","00:00.62","4","0.0","00:20:17","00:20:27","38","43"
Running,2020-11-24 18:01:38,false,"Reading Running","3.16","221","00:22:01","132","161","--","156","164","6:58","3:37","7","9","0.93","0.0","0.0","0.0","0.0","0.0","0:00","0.0","0:00","No","01:00.23","4","0.0","00:21:53","00:22:01","38","42"
Running,2020-11-23 18:06:13,false,"Reading Corsa","3.18","242","00:22:01","149","179","--","156","164","6:55","1:21","6","9","0.93","0.0","0.0","0.0","0.0","0.0","0:00","0.0","0:00","No","01:07.01","4","0.0","00:21:59","00:22:01","38","43"
Running,2020-11-22 14:28:34,false,"Reading Corsa","2.50","178","00:15:46","151","163","--","160","162","6:19","4:55","4","7","1.00","0.0","0.0","0.0","0.0","0.0","0:00","0.0","0:00","No","03:12.53","3","0.0","00:15:43","00:15:46","38","43"
Running,2020-11-19 18:29:14,false,"Reading Corsa","3.17","262","00:22:01","158","182","--","156","162","6:57","5:41","10","9","0.92","0.0","0.0","0.0","0.0","0.0","0:00","0.0","0:00","No","01:17.83","4","0.0","00:21:57","00:22:01","38","46"
Running,2020-11-18 13:47:53,false,"Reading Corsa","1.01","57","00:05:20.8","147","156","--","162","170","5:19","4:51","2","4","1.16","0.0","0.0","0.0","0.0","0.0","0:00","0.0","0:00","No","00:01.44","2","0.0","00:05:20.3","00:05:20.8","38","42"
Running,2020-11-16 18:21:48,false,"Reading Corsa","5.00","455","00:36:34","166","187","--","156","162","7:18","3:38","16","15","0.88","0.0","0.0","0.0","0.0","0.0","0:00","0.0","0:00","No","00:01.43","6","0.0","00:36:32","00:36:34","38","44"
Running,2020-11-15 15:10:41,false,"Reading Corsa","2.95","248","00:20:02","162","178","--","158","164","6:47","5:31","10","10","0.93","0.0","0.0","0.0","0.0","0.0","0:00","0.0","0:00","No","06:30.94","3","0.0","00:20:00","00:20:02","38","44"
Running,2020-11-13 18:01:00,false,"Reading Corsa","3.00","186","00:21:12","118","131","--","156","162","7:04","2:57","12","11","0.90","0.0","0.0","0.0","0.0","0.0","0:00","0.0","0:00","No","06:52.36","3","0.0","00:21:11","00:21:12","38","46"
Running,2020-11-11 18:18:20,false,"Reading Corsa","3.00","230","00:20:29","146","174","--","156","162","6:49","5:59","8","10","0.94","0.0","0.0","0.0","0.0","0.0","0:00","0.0","0:00","No","00:00.84","4","0.0","00:20:28","00:20:29","38","44"
Running,2020-11-10 17:52:49,false,"Reading Corsa","2.01","149","00:13:17","149","166","--","158","164","6:37","5:27","2","5","0.96","0.0","0.0","0.0","0.0","0.0","0:00","0.0","0:00","No","00:02.13","3","0.0","00:13:16","00:13:17","38","42"
Running,2020-11-09 17:37:22,false,"Reading Corsa","3.44","266","00:24:34","144","174","--","156","162","7:09","6:11","8","10","0.90","0.0","0.0","0.0","0.0","0.0","0:00","0.0","0:00","No","03:08.92","4","0.0","00:24:32","00:24:34","38","44"
Running,2020-11-07 14:20:25,false,"Reading Corsa","1.28","106","00:08:38.8","163","181","--","156","162","6:44","4:25","3","2","0.94","0.0","0.0","0.0","0.0","0.0","0:00","0.0","0:00","No","02:01.01","2","0.0","00:08:36.8","00:08:38.8","38","40"
Running,2020-11-07 14:07:05,false,"Reading Corsa","1.55","115","00:10:01","155","175","--","156","162","6:28","5:33","2","4","0.98","0.0","0.0","0.0","0.0","0.0","0:00","0.0","0:00","No","03:49.67","2","0.0","00:09:58.7","00:10:01","38","42"
Running,2020-11-06 17:45:55,false,"Reading Corsa","0.90","43","00:04:38.7","128","140","--","164","168","5:10","3:57","--","3","1.18","0.0","0.0","0.0","0.0","0.0","0:00","0.0","0:00","No","04:38.71","1","0.0","00:04:38","00:04:38.7","38","43"
Running,2020-11-05 17:16:58,false,"Reading Corsa","2.43","182","00:16:21","153","163","--","156","162","6:44","3:07","10","11","0.95","0.0","0.0","0.0","0.0","0.0","0:00","0.0","0:00","No","02:58.64","3","0.0","00:16:20","00:16:21","38","45"
Running,2020-11-04 17:52:45,false,"Reading Corsa","3.13","257","00:22:01","159","178","--","154","162","7:03","4:11","3","5","0.93","0.0","0.0","0.0","0.0","0.0","0:00","0.0","0:00","No","00:47.98","4","0.0","00:21:58","00:22:01","38","42"
Running,2020-11-02 17:19:15,false,"Reading Corsa","3.05","218","00:22:02","137","161","--","150","162","7:13","3:53","6","5","0.93","0.0","0.0","0.0","0.0","0.0","0:00","0.0","0:00","No","00:22.49","4","0.0","00:22:00","00:22:02","38","44"
Running,2020-10-31 13:23:44,false,"Reading Corsa","0.80","67","00:05:40.0","160","184","--","152","158","7:05","4:57","2","2","0.93","0.0","0.0","0.0","0.0","0.0","0:00","0.0","0:00","No","05:39.95","1","0.0","00:05:39","00:05:40.0","39","42"
Running,2020-10-31 13:10:07,false,"Reading Corsa","1.54","120","00:10:01","162","178","--","156","160","6:31","4:18","3","3","0.98","0.0","0.0","0.0","0.0","0.0","0:00","0.0","0:00","No","03:32.55","2","0.0","00:09:59.3","00:10:01","39","42"
Running,2020-10-30 16:22:18,false,"Reading Corsa","1.00","90","00:07:01.2","172","188","--","150","152","6:59","6:13","3","2","0.95","0.0","0.0","0.0","0.0","0.0","0:00","0.0","0:00","No","00:00.90","2","0.0","00:07:01.2","00:07:01.2","39","42"
Running,2020-10-30 16:08:41,false,"Reading Corsa","1.46","121","00:10:00","163","186","--","148","156","6:51","3:25","2","2","0.99","0.0","0.0","0.0","0.0","0.0","0:00","0.0","0:00","No","03:10.40","2","0.0","00:09:59.0","00:10:00","39","42"
Running,2020-10-27 17:03:05,false,"Reading Corsa","1.00","95","00:07:00.7","177","189","--","148","154","7:00","5:04","3","3","0.97","0.0","0.0","0.0","0.0","0.0","0:00","0.0","0:00","No","00:00.48","2","0.0","00:06:57.5","00:07:00.7","39","42"
Running,2020-10-27 16:49:06,false,"Reading Corsa","1.51","127","00:10:01","165","184","--","148","154","6:38","5:47","3","4","1.02","0.0","0.0","0.0","0.0","0.0","0:00","0.0","0:00","No","03:26.67","2","0.0","00:09:58.5","00:10:01","40","42"
Running,2020-10-25 13:20:05,false,"Reading Corsa","0.83","78","00:05:38.0","178","187","--","152","156","6:47","5:32","2","2","0.97","0.0","0.0","0.0","0.0","0.0","0:00","0.0","0:00","No","05:37.98","1","0.0","00:05:37","00:05:38.0","39","42"
Running,2020-10-25 12:59:09,false,"Reading Corsa","2.41","212","00:16:11","167","187","--","152","156","6:43","4:08","5","3","0.99","0.0","0.0","0.0","0.0","0.0","0:00","0.0","0:00","No","02:46.07","3","0.0","00:16:09","00:16:11","39","42"
Running,2020-10-23 18:08:01,false,"Reading Corsa","1.00","73","00:06:45.4","140","149","--","152","156","6:44","4:52","1","1","0.98","0.0","0.0","0.0","0.0","0.0","0:00","0.0","0:00","No","00:00.63","2","0.0","00:06:44.6","00:06:45.4","39","42"
Running,2020-10-23 17:52:07,false,"Reading Corsa","2.00","142","00:13:06","144","151","--","154","162","6:32","4:04","4","6","0.99","0.0","0.0","0.0","0.0","0.0","0:00","0.0","0:00","No","00:00.51","3","0.0","00:13:04","00:13:06","39","42"
Running,2020-10-22 18:24:29,false,"Reading Corsa","2.69","252","00:20:01","169","188","--","146","152","7:26","4:32","10","9","0.92","0.0","0.0","0.0","0.0","0.0","0:00","0.0","0:00","No","05:17.08","3","0.0","00:19:59","00:20:01","39","43"
Running,2020-10-20 18:20:25,false,"Reading Corsa","1.22","115","00:09:02.1","165","190","--","148","154","7:26","3:42","5","3","0.91","0.0","0.0","0.0","0.0","0.0","0:00","0.0","0:00","No","01:36.85","2","0.0","00:09:00.3","00:09:02.1","39","42"
Running,2020-10-20 18:07:24,false,"Reading Corsa","1.52","114","00:10:01","147","156","--","152","160","6:35","3:24","3","4","1.00","0.0","0.0","0.0","0.0","0.0","0:00","0.0","0:00","No","03:30.45","2","0.0","00:09:58.3","00:10:01","39","42"
Running,2020-10-18 13:38:30,false,"Reading Corsa","0.69","68","00:05:00.6","176","187","--","152","154","7:16","5:51","2","3","0.91","0.0","0.0","0.0","0.0","0.0","0:00","0.0","0:00","No","05:00.57","1","0.0","00:04:59","00:05:00.6","39","42"
Running,2020-10-18 13:27:30,false,"Reading Corsa","1.16","112","00:08:01.2","175","186","--","154","160","6:57","5:52","4","3","0.94","0.0","0.0","0.0","0.0","0.0","0:00","0.0","0:00","No","01:05.46","2","0.0","00:07:58.7","00:08:01.2","39","42"
Running,2020-10-18 13:19:25,false,"Reading Corsa","0.80","62","00:05:00.4","157","183","--","158","162","6:16","5:44","--","2","1.01","0.0","0.0","0.0","0.0","0.0","0:00","0.0","0:00","No","05:00.44","1","0.0","00:04:59","00:05:00.4","39","42"
Running,2020-10-17 17:22:33,false,"Reading Corsa","0.43","39","00:03:00.8","167","174","--","154","156","7:00","3:48","3","--","0.93","0.0","0.0","0.0","0.0","0.0","0:00","0.0","0:00","No","03:00.84","1","0.0","00:03:00","00:03:00.8","40","43"
Running,2020-10-17 17:11:33,false,"Reading Corsa","1.20","108","00:08:00.9","168","187","--","152","156","6:41","5:06","--","--","0.99","0.0","0.0","0.0","0.0","0.0","0:00","0.0","0:00","No","01:25.38","2","0.0","00:07:58.5","00:08:00.9","39","42"
Running,2020-10-17 17:03:31,false,"Reading Corsa","0.81","59","00:05:00.5","149","162","--","156","160","6:09","4:28","2","4","1.04","0.0","0.0","0.0","0.0","0.0","0:00","0.0","0:00","No","05:00.46","1","0.0","00:05:00","00:05:00.5","39","42"
Running,2020-10-14 18:17:01,false,"Appiano Gentile Corsa","2.95","226","00:20:02","141","156","--","156","160","6:47","3:28","16","33","0.94","0.0","0.0","0.0","0.0","0.0","0:00","0.0","0:00","No","06:29.13","3","0.0","00:20:00","00:20:02","338","357"
Running,2020-10-13 18:31:07,false,"Appiano Gentile Corsa","0.49","27","00:02:33.3","137","157","--","166","170","5:12","3:22","--","9","1.16","0.0","0.0","0.0","0.0","0.0","0:00","0.0","0:00","No","02:33.27","1","0.0","00:02:33","00:02:33.3","339","349"
Running,2020-10-12 18:58:32,false,"Appiano Gentile Corsa","1.13","113","00:08:00.9","171","187","--","152","156","7:05","5:23","7","8","0.93","0.0","0.0","0.0","0.0","0.0","0:00","0.0","0:00","No","00:54.07","2","0.0","00:07:58.9","00:08:00.9","338","347"
Running,2020-10-12 18:45:11,false,"Appiano Gentile Corsa","1.20","104","00:08:00.9","160","179","--","156","160","6:40","4:28","7","18","0.96","0.0","0.0","0.0","0.0","0.0","0:00","0.0","0:00","No","01:21.13","2","0.0","00:07:58.7","00:08:00.9","339","356"
Running,2020-10-11 13:35:38,false,"Appiano Gentile Corsa","0.74","70","00:05:00.6","169","180","--","156","160","6:47","6:10","--","2","0.94","0.0","0.0","0.0","0.0","0.0","0:00","0.0","0:00","No","05:00.57","1","0.0","00:04:59","00:05:00.6","338","341"
Running,2020-10-11 13:27:38,false,"Appiano Gentile Corsa","0.79","62","00:05:00.4","153","167","--","158","160","6:19","5:35","5","7","1.00","0.0","0.0","0.0","0.0","0.0","0:00","0.0","0:00","No","05:00.38","1","0.0","00:04:59","00:05:00.4","339","346"
Running,2020-10-11 13:19:38,false,"Appiano Gentile Corsa","0.85","61","00:05:00.0","150","173","--","160","164","5:55","4:24","--","17","1.06","0.0","0.0","0.0","0.0","0.0","0:00","0.0","0:00","No","05:00.02","1","0.0","00:04:59","00:05:00.0","339","357"
